"Term,field_acronym_expansion,field_definition,field_extended_definition,field_related_term_s_,field_synonym_s_,field_from,""Acronym Expansion"",Definition,""Extended Definition"",""Related Term(s)"",Synonym(s),From";;;
"access,,,,,,,,""The ability and means to communicate with or otherwise interact with a system, to use system resources to handle information, to gain knowledge of the information the system contains, or to control system components and functions."",,,,""CNSSI 4009""";;;
"access and identity management,,,,,,,,,,,""identity and access management"",";;;
"access control,,,,,,,,""The process of granting or denying specific requests for or attempts to: 1) obtain and use information and related information processing services";" and 2) enter specific physical facilities."",,""access control mechanism"",,""CNSSI 4009""";;
"access control mechanism,,,,,,,,""Security measures designed to detect and deny unauthorized access and permit authorized access to an information system or a physical facility."",,,,""CNSSI 4009""";;;
"active attack,,,,,,,,""An actual assault perpetrated by an intentional threat source that attempts to alter a system, its resources, its data, or its operations."",,""passive attack"",,""IETF RFC 4949, NIST SP 800-63 Rev 1""";;;
"active content,,,,,,,,""Software that is able to automatically carry out or trigger actions without the explicit intervention of a user."",,,,""CNSSI 4009""";;;
"advanced persistent threat,,,,,,,,""An adversary that possesses sophisticated levels of expertise and significant resources which allow it to create opportunities to achieve its objectives by using multiple attack vectors (e.g., cyber, physical, and deception)."",,,,""NIST SP 800-53 Rev 4""";;;
"adversary,,,,,,,,""An individual, group, organization, or government that conducts or has the intent to conduct detrimental activities."",,""threat agent, attacker"",,""DHS Risk Lexicon""";;;
"AIaaS,,,,,,,""Artificial Intelligence as a Service"",""a cloud-based service offering artificial intelligence (AI) outsourcing"",,,,";;;
"air gap,,,,,,,,""To physically separate or isolate a system from other systems or networks (verb)."",""The physical separation or isolation of a system from other systems or networks (noun)."",,,";;;
"alert,,,,,,,,""A notification that a specific attack has been detected or directed at an organization’s information systems."",,,,""CNSSI 4009""";;;
"all source intelligence,,,,,,,,""In the NICE Framework, cybersecurity work where a person: Analyzes threat information from multiple sources, disciplines, and agencies across the Intelligence Community. Synthesizes and places intelligence information in context";" draws insights about the possible implications."",,,,""NICE Framework""";;
"allowlist,,,,,,,,""A list of entities that are considered trustworthy and are granted access or privileges."",,Blocklist,,""DHS personnel""";;;
"AMCIS,,,,,,,""Americas Conference on Information Systems"",,,,,";;;
"analyze,,,,,,,,""A NICE Framework category consisting of specialty areas responsible for highly specialized review and evaluation of incoming cybersecurity information to determine its usefulness for intelligence."",,,,""NICE Framework""";;;
"anonymizers,,,,,,,,""an anonymous proxy is a tool that attempts to make activity on the Internet untraceable"",,,,";;;
"anti-CSRF,,,,,,,""Anti - Cross-Site Request Forgery"",""related pairs of tokens given to users to validate their requests and prevent issue requests from attackers via the victim"",,,,";;;
"antiforensic,,,,,,,,""a set of techniques used to conceal or destroy evidence to frustrate or deceive digital forensic investigations"",,""forensic, digital forensic, computer forensic, Timestomping"",,";;;
"Antispoofing,,,,,,,,""a technique for identifying and dropping packets that have a false source address."",""In a spoofing attack, the source address of an incoming packet is changed to make it appear as if it is coming from a known, trusted source. Spoofed packets are commonly used to carry out denial-of-service (DoS) attacks, exploit network and system vulnerabilities, and gain unauthorized access to corporate networks and data."",,,";;;
"antispyware software,,,,,,,,""A program that specializes in detecting and blocking or removing forms of spyware."",,spyware,,""NCSD Glossary""";;;
"antivirus software,,,,,,,,""A program that monitors a computer or network to detect or identify major types of malicious code and to prevent or contain malware incidents. Sometimes by removing or neutralizing the malicious code."",,,,""NCSD Glossary""";;;
"AP,,,,,,,""Advanced Placement"",,,,,";;;
"AppSec,,,,,,,,""the process of finding, fixing, and preventing security vulnerabilities at the application level, as part of the software development processes"",,,,";;;
"asset,,,,,,,,""A person, structure, facility, information, and records, information technology systems and resources, material, process, relationships, or reputation that has value."",""Anything useful that contributes to the success of something, such as an organizational mission";" assets are things of value or properties to which value can be assigned."",,,""DHS Risk Lexicon""";;
"asymmetric cryptography,,,,,,,,,,,""public key cryptography"",";;;
"ATE,,,,,,,""Advanced Technological Education"",,,,,";;;
"attack,,,,,,,,""An attempt to gain unauthorized access to system services, resources, or information, or an attempt to compromise system integrity."",""The intentional act of attempting to bypass one or more security services or controls of an information system."",""active attack, passive attack"",,""NCSD Glossary. NTSSI 4009 (2000), CNSSI 4009""";;;
"attack method,,,,,,,,""The manner or technique and means an adversary may use in an assault on information or an information system."",,,,""DHS Risk Lexicon, NCSD Glossary""";;;
"attack mode,,,,,,,,,,,""attack method"",";;;
"attack path,,,,,,,,""The steps that an adversary takes or may take to plan, prepare for, and execute an attack."",,,,""DHS Risk Lexicon, NCSD Glossary""";;;
"attack pattern,,,,,,,,""Similar cyber events or behaviors that may indicate an attack has occurred or is occurring, resulting in a security violation or a potential security violation."",""For software, descriptions of common methods for exploiting software systems."",""attack signature"",,""Oak Ridge National Laboratory Visualization Techniques for Computer Network Defense, MITRE's CAPEC web site""";;;
"attack signature,,,,,,,,""A characteristic or distinctive pattern that can be searched for or that can be used in matching to previously identified attacks."",""An automated set of rules for identifying a potential threat (such as an exploit or the presence of an attacker tool) and possible responses to that threat."",""attack pattern"",,""NCSD Glossary, CNSSI 4009, ISSG V1.2 Database""";;;
"attack surface,,,,,,,,""The set of ways in which an adversary can enter a system and potentially cause damage."",""An information system's characteristics that permit an adversary to probe, attack, or maintain presence in the information system."",,,""Manadhata, P.K., & Wing, J.M. in Attack Surface Measurement";" DHS personnel""";;
"attacker,,,,,,,,""An individual, group, organization, or government that executes an attack."",""A party acting with malicious intent to compromise an information system."",""adversary, threat agent"",,""Barnum & Sethi (2006), NIST SP 800-63 Rev 1""";;;
authenticate,,,,,,,,,,authentication,,;;;
"authentication,,,,,,,,""The process of verifying the identity or other attributes of an entity (user, process, or device)."",""Also the process of verifying the source and integrity of data."",,,""CNSSI 4009, NIST SP 800-21, NISTIR 7298""";;;
"authenticity,,,,,,,,""A property achieved through cryptographic methods of being genuine and being able to be verified and trusted, resulting in confidence in the validity of a transmission, information or a message, or sender of information or a message."",,""integrity, non-repudiation"",,""CNSSI 4009, NIST SP 800-53 Rev 4""";;;
"authorization,,,,,,,,""A process of determining, by evaluating applicable access control information, whether a subject is allowed to have the specified types of access to a particular resource."",""The process or act of granting access privileges or the access privileges as granted."",,,""OASIS SAML Glossary 2.0";" Adapted from CNSSI 4009""";;
"availability,,,,,,,,""The property of being accessible and usable upon demand."",""In cybersecurity, applies to assets such as information or information systems."",""confidentiality, integrity"",,""CNSSI 4009, NIST SP 800-53 Rev 4, 44 U.S.C., Sec 3542""";;;
"BaaS,,,,,,,""Backup as a service"",,,,,";;;
"Backdoor,,,,,,,,""A backdoor refers to any method by which authorized and unauthorized users are able to get around normal security measures and gain high level user access (aka root access) on a computer system, network, or software application"",,,,";;;
Backdoored,,,,,,,,,,Backdoor,,;;;
"BCrypt,,,,,,,,""password-hashing function based on the Blowfish cipher and presented at USENIX in 1999"",,,,";;;
"behavior monitoring,,,,,,,,,,,""behavioral monitoring"",""DHS personnel""";;;
"behaviour,,,,,,,,""the extent to which an individual practices several types of cybersecurity measures to avoid or attenuate the types of cyber threats that they are vulnerable to"",,,,";;;
"Biocertification,,,,,,,,""refers to the use of biometric data for authentication and access control to improve cybersecurity"",,,,";;;
"Biohacking,,,,,,,,""making small, strategic changes to habits and behaviors to improve things like cognitive function and weight management."",,,,";;;
"Biometric,,,,,,,,""use unique physical or behavioral traits like fingerprints, facial features, and voice patterns for cybersecurity authentication"",""This method verifies a user's identity by using their biological characteristics instead of passwords, which can be forgotten or stolen. While highly convenient and difficult to forge, biometrics are most effective when used in combination with other security measures, as they carry their own set of privacy risks and can be vulnerable to advanced attacks like deepfakes"",deepfake,,";;;
"Biosurveillance,,,,,,,,""A systematic process of gathering near real-time biological information to detect, monitor, and characterize threats to human, animal, plant, and environmental health, enabling early warning and identification of potential outbreaks."",,,,";;;
"blackbox,,,,,,,,""a form of testing that is performed with no knowledge of a target system's internals"",,Whitebox,,";;;
"Blockchain,,,,,,,,""Blockchain is a decentralized ledger that records and verifies transactions across a network of computers. It's a database that stores data in blocks that are linked together in a chain."",""<ul>";;;
<li>Tracking transactions: Blockchain can track orders, payments, accounts, and more.</li>;;;
<li>Supply chain management: Blockchain can track the movement of products through the supply chain.</li>;;;
<li>Preventing fraud: Blockchain can help prevent counterfeiting and fraudulent banking.</li>;;;
<li>Safeguarding records: Blockchain can be used to store and protect medical records.</li>;;;
"</ul>"",,,";;;
"blocklist,,,,,,,,""A list of entities that are blocked or denied privileges or access."",,Allowlist,,""DHS personnel""";;;
"blue Team,,,,,,,,""A group that defends an enterprise's information systems when mock attackers (i.e., the Red Team) attack, typically as part of an operational exercise conducted according to rules established and monitored by a neutral group (i.e., the White Team)."",""Also, a group that conducts operational vulnerability evaluations and recommends mitigation techniques to customers who need an independent technical review of their cybersecurity posture."",""Red Team, White Team"",,""CNSSI 4009""";;;
"bluejacking,,,,,,,,""an attack in which someone sends unsolicited messages to a Bluetooth-enabled device"",,Bluesnarfing,,";;;
"bluesnarfing,,,,,,,,""a hacking technique in which a hacker accesses a wireless device through a Bluetooth connection"",,Bluejacking,,";;;
"Bootkits,,,,,,,,""A bootkit is a type of malware that infects a computer's boot process, giving the attacker control over the system. Bootkits are a major security threat because they can bypass standard security measures and remain hidden."",,,,";;;
"bot,,,,,,,,""A computer connected to the Internet that has been surreptitiously / secretly compromised with malicious logic to perform activities under remote the command and control of a remote administrator."",""A member of a larger collection of compromised computers known as a botnet."",botnet,zombie,";;;
"bot herder,,,,,,,,,,,""bot master"",";;;
"bot master,,,,,,,,""The controller of a botnet that, from a remote location, provides direction to the compromised computers in the botnet."",,,""bot herder"",";;;
"botnet,,,,,,,,""A collection of computers compromised by malicious code and controlled across a network."",,,,";;;
"bruteforce,,,,,,,,""an attack is a method that uses trial and error to crack passwords, login credentials, and encryption keys"",,,,";;;
"bug,,,,,,,,""An unexpected and relatively small defect, fault, flaw, or imperfection in an information system or device."",,,,""NCSD Glossary""";;;
"build security in,,,,,,,,""A set of principles, practices, and tools to design, develop, and evolve information systems and software that enhance resistance to vulnerabilities, flaws, and attacks."",,,,""Trustworthy Cyberspace: Strategic Plan for the Federal Cybersecurity Research and Development Program (2011), US-CERT's Build Security In website.""";;;
"CaC,,,,,,,""Common Access Card"",,,,,";;;
"CAE,,,,,,,""Centers of Academic Excellence"",,,,,";;;
"capability,,,,,,,,""The means to accomplish a mission, function, or objective."",,intent,,""DHS Risk Lexicon""";;;
"Catphish,,,,,,,,""the fabrication of a false online identity by a cybercriminal for the purposes of deception, fraud, or exploitation"",,,,";;;
"CBP,,,,,,,""U.S. Customs and Border Protection"",,,,,";;;
"CCP,,,,,,,""Cyber Competitions Project"",,,,,";;;
"CEO,,,,,,,""Cybersecurity Education Office"",,,,,";;;
"CIA,,,,,,,""Central Intelligence Agency"",,,,,";;;
"CIO,,,,,,,""Chief Information Officer"",,,,,";;;
"CIoTSP,,,,,,,""Certified Internet of Things Security Practitioner"",,,,,";;;
"cipher,,,,,,,,,,,""cryptographic algorithm"",";;;
"ciphertext,,,,,,,,""Data or information in its encrypted form."",,plaintext,,""CNSSI 4009""";;;
"CIS,,,,,,,""U.S. Citizenship and Immigration Services"",,,,,";;;
"CISSE,,,,,,,""Colloquium for Information Systems Security Education"",,,,,";;;
"CISSP-ISSAP,,,,,,,""Certified Information Security Systems Professional - Information Systems Security Architecture Professional"",,,,,";;;
"CISSP-ISSMP,,,,,,,""Certified Information Security Systems Professional - Information Security System Management Professional"",,,,,";;;
"Clientside,,,,,,,,""refers to everything in a web application that is displayed or takes place on the client (end user device)"",""This includes what the user sees, such as text, images, and the rest of the UI, along with any actions that an application performs within the user's browser."",,,";;;
"cloud computing,,,,,,,,""A model for enabling on-demand network access to a shared pool of configurable computing capabilities or resources (e.g., networks, servers, storage, applications, and services) that can be rapidly provisioned and released with minimal management effort or service provider interaction."",,,,""CNSSI 4009, NIST SP 800-145""";;;
"CMaaS,,,,,,,""Continuous Monitoring as a Service"",,,,,";;;
"CMM,,,,,,,""Capability Maturity Model"",,,,,";;;
"CNAP,,,,,,,""Cybersecurity National Action Plan"",,,,,";;;
"CNCI,,,,,,,""Comprehensive National Cybersecurity Initiative"",,,,,";;;
"CNO,,,,,,,""Computer Network Operations"",,,,,";;;
"collect & operate,,,,,,,,""A NICE Framework category consisting of specialty areas responsible for specialized denial and deception operations and collection of cybersecurity information that may be used to develop intelligence."",,,,""NICE Framework""";;;
"collection operations,,,,,,,,""In the NICE Framework, cybersecurity work where a person: Executes collection using appropriate strategies and within the priorities established through the collection management process."",,,,""NICE Framework""";;;
"CompTIA,,,,,,,""Computing Technology Industry Association"",,,,,";;;
"computer forensics,,,,,,,,,,,""digital forensics"",";;;
"computer network defense,,,,,,,,""The actions taken to defend against unauthorized activity within computer networks."",,,,""CNSSI 4009""";;;
"computer network defense analysis,,,,,,,,""In the NICE Framework, cybersecurity work where a person: Uses defensive measures and information collected from a variety of sources to identify, analyze, and report events that occur or might occur within the network in order to protect information, information systems, and networks from threats."",,,,""NICE Framework""";;;
"computer network defense infrastructure support,,,,,,,,""In the NICE Framework, cybersecurity work where a person: Tests, implements, deploys, maintains, reviews, and administers the infrastructure hardware and software that are required to effectively manage the computer network defense service provider network and resources";" monitors network to actively remediate unauthorized activities."",,,,""NICE Framework""";;
computer security incident,,,,,,,,,,event,,incident;;;
"confidentiality,,,,,,,,""A property that information is not disclosed to users, processes, or devices unless they have been authorized to access the information."",""Preserving authorized restrictions on information access and disclosure, including means for protecting personal privacy and proprietary information."",""availability, integrity"",,""CNSSI 4009, NIST SP 800-53 Rev 4, 44 U.S.C., Sec 3542""";;;
"consequence,,,,,,,,""The effect of an event, incident, or occurrence."",""In cybersecurity, the effect of a loss of confidentiality, integrity or availability of information or an information system on an organization's operations, its assets, on individuals, other organizations, or on national interests."",,,""DHS Risk Lexicon, National Infrastructure Protection Plan, NIST SP 800-53 Rev 4""";;;
"continuity of operations plan,,,,,,,,""A document that sets forth procedures for the continued performance of core capabilities and critical operations during any disruption or potential disruption."",,""Business Continuity Plan, Disaster Recovery Plan, Contingency Plan"",,""CPG 101, CNSSI 4009""";;;
"COP,,,,,,,""Community of Practice"",,,,,";;;
"Counter-Biometrics,,,,,,,,""refers to the methods used to bypass or spoof biometric security systems"",,deepfake,,";;;
"CounterIntel,,,,,,,""Counter Intelligence"",""monitoring other competitor organizations and nations to gather information"",,,,";;;
"crimeware,,,,,,,,""a class of malware designed specifically to automate cybercrime"",,,,";;;
"critical infrastructure,,,,,,,,""The systems and assets, whether physical or virtual, so vital to society that the incapacity or destruction of such may have a debilitating impact on the security, economy, public health or safety, environment, or any combination of these matters."",,""key resource"",,""National Infrastructure Protection Plan""";;;
"critical infrastructure and key resources,,,,,,,,,,,""critical infrastructure"",";;;
"Crowdsourced,,,,,,,,""obtain (information or input into a particular task or project) by enlisting the services of a large number of people, either paid or unpaid, typically via the internet."",""The best-known example of a crowdsourcing project in which crowd workers are not paid is the online encyclopedia Wikipedia"",,,";;;
"cryptanalysis,,,,,,,,""The operations performed in defeating or circumventing cryptographic protection of information by applying mathematical techniques and without an initial knowledge of the key employed in providing the protection."",""The study of mathematical techniques for attempting to defeat or circumvent cryptographic techniques and/or information systems security."",,,""CNSSI 4009, NIST SP 800-130""";;;
"Crypto-Siphoning,,,,,,,""A type of cyber attach using data from cryptocurrency wallets and messaging apps such as Telegram, Steam, and Discord to gather information and steal cryptocurrency."",,,,,";;;
"cryptocurrrency,,,,,,,,""a digital currency in which transactions are verified and records maintained by a decentralized system using cryptography, rather than by a centralized authority."",,,,";;;
"cryptographic algorithm,,,,,,,,""A well-defined computational procedure that takes variable inputs, including a cryptographic key, and produces an output."",,""key, encryption, decryption, symmetric key, asymmetric key"",,""CNSSI 4009""";;;
"cryptography,,,,,,,,""The use of mathematical techniques to provide security services, such as confidentiality, data integrity, entity authentication, and data origin authentication."",""The art or science concerning the principles, means, and methods for converting plaintext into ciphertext and for restoring encrypted ciphertext to plaintext."",""plaintext, ciphertext, encryption, decryption"",,""NIST SP 800-130";" Adapted from: CNSSI 4009""";;
"Cryptojacking,,,,,,,,""a type of cybercrime that involves the unauthorized use of a target's devices (computers, smartphones, tablets, or even servers) by cybercriminals to mine for cryptocurrency"",,,,";;;
"cryptology,,,,,,,,""The mathematical science that deals with cryptanalysis and cryptography."",,""cryptanalysis, cryptography"",,""CNSSI 4009""";;;
"cryptomalware,,,,,,,,""is malware that encrypts data on the targets device and demands a ransom to restore it"",,,,";;;
"Cryptominers,,,,,,,,""Cryptomining is an online threat that hides on a computer or mobile device and uses the machine’s resources to “mine” cryptocurrencies."",,Cryptojacking,,";;;
"CS,,,,,,,""Computer Science"",,,,,";;;
"CSEC,,,,,,,""Cyber Security Education Consortium"",,,,,";;;
"CSSIA,,,,,,,""Center for Systems Security and Information Assurance"",,,,,";;;
"customer service and technical support,,,,,,,,""In the NICE Framework, cybersecurity work where a person: Addresses problems, installs, configures, troubleshoots, and provides maintenance and training in response to customer requirements or inquiries (e.g., tiered-level customer support)."",,,,""NICE Framework""";;;
"CWI,,,,,,,""Cyber Workforce Initiative"",,,,,";;;
"cyber ecosystem,,,,,,,,""The interconnected information infrastructure of interactions among persons, processes, data, and information and communications technologies, along with the environment and conditions that influence those interactions."",,,,""DHS personnel""";;;
"cyber exercise,,,,,,,,""A planned event during which an organization simulates a cyber disruption to develop or test capabilities such as preventing, detecting, mitigating, responding to or recovering from the disruption."",,,,""NCSD Glossary, DHS Homeland Security Exercise and Evaluation Program""";;;
cyber incident,,,,,,,,,,event,incident,;;;
"cyber incident response plan,,,,,,,,,,,""incident response plan"",";;;
"cyber infrastructure,,,,,,,,""An electronic information and communications systems and services and the information contained therein."",""The information and communications systems and services composed of all hardware and software that process, store, and communicate information, or any combination of all of these elements: • Processing includes the creation, access, modification, and destruction of information. • Storage includes paper, magnetic, electronic, and all other media types. • Communications include sharing and distribution of information."",,,NIPP";;;
"cyber operations,,,,,,,,""In the NICE Framework, cybersecurity work where a person: Performs activities to gather evidence on criminal or foreign intelligence entities in order to mitigate possible or real-time threats, protect against espionage or insider threats, foreign sabotage, international terrorist activities, or to support other intelligence activities."",,,,""NICE Framework""";;;
"cyber operations planning,,,,,,,,""in the NICE Framework, cybersecurity work where a person: Performs in-depth joint targeting and cyber planning process. Gathers information and develops detailed Operational Plans and Orders supporting requirements. Conducts strategic and operational-level planning across the full range of operations for integrated information and cyberspace operations."",,,,""NICE Framework""";;;
"cyber threat intelligence (CTI),,,,,,,,""The collecting, processing, organizing, and analyzing data into actionable information that relates to capabilities, opportunities, actions, and intent of adversaries in the cyber domain to meet a specific requirement determined by and informing decision-makers."",,,,""ICD 203, CIA, SANS, Dragos, Carnegie Mellon""";;;
Cyber-aware,,,,,,,,,,cybersecurity-aware,,;;;
"Cyber-biosecurity,,,,,,,,""an emerging field that addresses the intersection of cybersecurity and biosecurity, focusing on protecting biological data, processes, and systems from cyber threats and malicious activities"",,,,";;;
"Cyberattack,,,,,,,,""a malicious and deliberate attempt to breach the information system"",,,,";;;
"cyberespionage,,,,,,,,""or cyber spying, is a type of cyberattack in which an unauthorized user attempts to access sensitive or classified data or intellectual property (IP) for economic gain, competitive advantage or political reasons"",,,,";;;
"cyberforensic,,,,,,,,""the process of collecting, analyzing, and preserving digital evidence to investigate cybercrimes and other incidents"",,""Digital forensic, Computer forensic"",,";;;
"Cybersecuring,,,,,,,,""the process of hardening technologies, processes, and controls to protect systems, networks, programs, devices and data from cyber attacks"",,,,";;;
"cybersecurity,,,,,,,,""The activity or process, ability or capability, or state whereby information and communications systems and the information contained therein are protected from and/or defended against damage, unauthorized use or modification, or exploitation."",""Strategy, policy, and standards regarding the security of and operations in cyberspace, and encompass[ing] the full range of threat reduction, vulnerability reduction, deterrence, international engagement, incident response, resiliency, and recovery policies and activities, including computer network operations, information assurance, law enforcement, diplomacy, military, and intelligence missions as they relate to the security and stability of the global information and communications infrastructure."",,,""CNSSI 4009, NIST SP 800-53 Rev 4, NIPP, DHS National Preparedness Goal";" White House Cyberspace Policy Review, May 2009""";;
"Cybersecurity adjacent,,,,,,,,""a number of roles that have cybersecurity responsibilities which typically form only part of their overall responsibilities within an organization."",,,,";;;
"cybersecurity-aware,,,,,,,,""knowing what security threats are and acting responsibly to avoid potential risks."",,,,";;;
"cyberthreats,,,,,,,,""refers to anything that has the potential to cause serious harm to a computer system"",""A cyberthreat is something that may or may not happen, but has the potential to cause serious damage. Cyberthreats can lead to attacks on computer systems, networks and more."",,,";;;
"cyberwarfare,,,,,,,,""typically defined as a set of actions by a nation or organization to attack countries or institutions' computer network systems with the intention of disrupting, damaging, or destroying infrastructure by computer viruses or denial-of-service attacks"",,,,";;;
"CyberWarrior,,,,,,,,""an individual who participates in cyberwarfare, motivated either by personal, patriotic, or religious reasons, but not due to professional requirement"",,,,";;;
"data administration,,,,,,,,""In the NICE Framework, cybersecurity work where a person: Develops and administers databases and/or data management systems that allow for the storage, query, and utilization of data."",,,,""NICE Framework""";;;
"data aggregation,,,,,,,,""The process of gathering and combining data from different sources, so that the combined data reveals new information."",""The new information is more sensitive than the individual data elements themselves and the person who aggregates the data was not granted access to the totality of the information."",""data mining"",,""CNSSI 4009""";;;
"data breach,,,,,,,,""The unauthorized movement or disclosure of sensitive information to a party, usually outside the organization, that is not authorized to have or see the information."",,""data loss, data theft, exfiltration"",,";;;
"data integrity,,,,,,,,""The property that data is complete, intact, and trusted and has not been modified or destroyed in an unauthorized or accidental manner."",,""integrity, system integrity"",,""CNSSI 4009, NIST SP 800-27""";;;
"data leakage,,,,,,,,,,,""data breach"",";;;
"data loss,,,,,,,,""The result of unintentionally or accidentally deleting data, forgetting where it is stored, or exposure to an unauthorized party."",,""data leakage, data theft"",,";;;
"data loss prevention,,,,,,,,""A set of procedures and mechanisms to stop sensitive data from leaving a security boundary."",,""data loss, data theft, data leak"",,""Liu, S., & Kuhn, R. (2010, March/April). Data loss prevention. IEEE IT Professional, 11(2), pp. 10-13.""";;;
"data mining,,,,,,,,""The process or techniques used to analyze large sets of existing information to discover previously unrevealed patterns or correlations."",,""data aggregation"",,""DHS personnel""";;;
"data spill,,,,,,,,,,,""data breach"",";;;
"data theft,,,,,,,,""The deliberate or intentional act of stealing of information."",,""data aggregation, data leakage, data loss"",,";;;
"DataOps,,,,,,,,""a collaborative data management practice focused on improving the communication, integration and automation of data flows between data managers and data consumers across an organization"",,,,";;;
"DBaaS,,,,,,,""Database as a service"",""a cloud database offering that provides customers with access to a database without having to deploy and manage the underlying infrastructure"",,,,";;;
"DDoS,,,,,,,""Distributed Denial-of-Service"",""a cybercrime in which the attacker floods a target with internet traffic to prevent users from accessing connected online services and sites"",,,,";;;
"de-perimeterization,,,,,,,,""an information security strategy to strengthens an organization's security posture by implementing multiple levels of protection, including inherently secure computer systems and protocols, high-level encryption, and authentication"",,,,";;;
"deauthentication,,,,,,,,""To revoke the authentication of";" to cause no longer to be authenticated."",""A deauthentication attack is a type of Denial of Service (DoS) attack and refers to an unauthorized disruption of the connection between a wireless device and its access point."",,,";;
"decipher,,,,,,,,""To convert enciphered text to plain text by means of a cryptographic system."",,,""decode, decrypt"",""CNSSI 4009""";;;
"decode,,,,,,,,""To convert encoded text to plain text by means of a code."",,,""decipher, decrypt"",""CNSSI 4009""";;;
"decrypt,,,,,,,,""A generic term encompassing decode and decipher."",,,""decipher, decode"",""CNSSI 4009""";;;
"decryption,,,,,,,,""The process of transforming ciphertext into its original plaintext."",""The process of converting encrypted data back into its original form, so it can be understood."",,""decode, decrypt, decipher"",""ICAM SAML 2.0 WB SSO Profile 1.0.2""";;;
"Decryptor,,,,,,,,""A tool, or set of tools, used to decrypt encrypted files. Either for recovery or anti-ransomware purposes."",,,,";;;
"deepfake,,,,,,,,""synthetic media that have been digitally manipulated to replace one person's likeness convincingly with that of another"",,,,";;;
"DEF CON,,,,,,,""Defense Readiness Condition"",,,,,";;;
"denial of service,,,,,,,,""An attack that prevents or impairs the authorized use of information system resources or services."",,,,""NCSD Glossary""";;;
"designed-in security,,,,,,,,,,,""Build Security In"",";;;
"DevOps,,,,,,,,""the combination of cultural philosophies, practices, and tools that increases an organization's ability to deliver applications and services"",,,,";;;
"DevSecOps,,,,,,,""development, security, and operations"",""an approach to culture, automation, and platform design that integrates security as a shared responsibility throughout the entire IT lifecycle"",,,,";;;
"DHS,,,,,,,""Department of Homeland Security"",,,,,";;;
"digital forensics,,,,,,,,""The processes and specialized techniques for gathering, retaining, and analyzing system-related data (digital evidence) for investigative purposes."",""In the NICE Framework, cybersecurity work where a person: Collects, processes, preserves, analyzes, and presents computer-related evidence in support of network vulnerability, mitigation, and/or criminal, fraud, counterintelligence or law enforcement investigations."",,""computer forensics, forensics"",""CNSSI 4009";" From: NICE Framework""";;
"digital rights management,,,,,,,,""A form of access control technology to protect and manage use of digital content or devices in accordance with the content or device provider's intentions."",,,,";;;
"digital signature,,,,,,,,""A value computed with a cryptographic process using a private key and then appended to a data object, thereby digitally signing the data."",,""electronic signature"",,""CNSSI 4009, IETF RFC 2828, ICAM SAML 2.0 WB SSO Profile 1.0.2, InCommon Glossary, NIST SP 800-63 Rev 1""";;;
"Disinformationists,,,,,,,,""One who propagates disinformation"",,,,";;;
"disruption,,,,,,,,""An event which causes unplanned interruption in operations or functions for an unacceptable length of time."",,,,""CNSSI 4009""";;;
"disruptionware,,,,,,,,""a category of malware designed to suspend operations within a target through the compromise of the availability, integrity, and confidentiality of the systems, networks, and data"",,Threatware,,";;;
"distributed denial of service,,,,,,,,""A denial of service technique that uses numerous systems to perform the attack simultaneously."",,""denial of service, botnet"",,""CNSSI 4009""";;;
"Distros,,,,,,,,""A Linux distribution is an operating system made from a software collection that includes the Linux kernel and often a package management system."",,Distro,,";;;
"DNSTwist,,,,,,,,""generates a list of similarly looking domain names for a given domain name and performs DNS queries for them (A, AAAA, NS and MX) which can be used to intercept misdirected traffic."",,,,";;;
"DoD,,,,,,,""Department of Defense"",,,,,";;;
"DoED,,,,,,,""Department of Education"",,,,,";;;
"Dorking,,,,,,,,""Using search techniques to hack into vulnerable sites or search for information that is not available in public search results."",,,,";;;
"DoS,,,,,,,""Denial of Service"",,,""Denial of Service"",,";;;
"Dox,,,,,,,,""search for and publish private or identifying information about (a particular individual) on the internet, typically with malicious intent."",,,,";;;
"Dox,,,,,,,,"" the act of publicly providing personally identifiable information about an individual or organization, usually via the Internet and without their consent"",""The aggregation and provision of previously published material is generally legal, though it may be subject to laws concerning stalking and intimidation.[4] Doxing may be carried out for reasons such as online shaming, extortion, and vigilante aid to law enforcement"",Doxxing,,";;;
"Doxxing,,,,,,,,""Doxxing can be illegal, but its legality depends on the specific circumstances, such as the intent behind it and the jurisdiction. While doxxing itself isn't always explicitly illegal everywhere, it often falls under existing laws like those against harassment, stalking, and incitement to violence, and new anti-doxxing laws are being enacted in various places. The act is often considered a crime when it involves sharing personal information with the intent to cause harm, threats, or incite illegal actions."",,Dox,,";;;
"DPIA,,,,,,,,""A Data Protection Impact Assessment (DPIA) describes a process designed to identify risks arising out of the processing of personal data and to minimize these risks as far and as early as possible"",""DPIAs are important tools for negating risk, and for demonstrating compliance with the GDPR."",,,";;;
"dynamic attack surface,,,,,,,,""The automated, on-the-fly changes of an information system's characteristics to thwart actions of an adversary."",,,,""DHS personnel""";;;
"EBK,,,,,,,""Security Essential Body of Knowledge"",,,,,";;;
"eCrime,,,,,,,,""criminal activity that involves the use of computers or networks such as the internet"",,,,";;;
"education and training,,,,,,,,""In the NICE Framework, cybersecurity work where a person: Conducts training of personnel within pertinent subject domain";" develop, plan, coordinate, deliver, and/or evaluate training courses, methods, and techniques as appropriate."",,,,""NICE Framework""";;
"EHRI,,,,,,,""Enterprise Human Resources Integration"",,,,,";;;
"electronic signature,,,,,,,,""Any mark in electronic form associated with an electronic document, applied with the intent to sign the document."",,""digital signature"",,""CNSSI 4009""";;;
"encipher,,,,,,,,""To convert plaintext to ciphertext by means of a cryptographic system."",,,""encode, encrypt"",""CNSSI 4009""";;;
"encode,,,,,,,,""To convert plaintext to ciphertext by means of a code."",,,""encipher, encrypt"",""CNSSI 4009""";;;
"encrypt,,,,,,,,""The generic term encompassing encipher and encode."",,,""encipher, encode"",""CNSSI 4009""";;;
"encryption,,,,,,,,""The process of transforming plaintext into ciphertext."",""Converting data into a form that cannot be easily understood by unauthorized people."",,""encode, encrypt, encipher"",""CNSSI 4009, ICAM SAML 2.0 WB SSO Profile 1.0.2""";;;
"ENISA,,,,,,,""The European Union Agency for Cybersecurity"",,""Established in 2004 and strengthened by the EU Cybersecurity Act, the European Union Agency for Cybersecurity contributes to EU cyber policy, enhances the trustworthiness of ICT products, services and processes with cybersecurity certification schemes, cooperates with Member States and EU bodies, and helps Europe prepare for the cyber challenges of tomorrow."",,,";;;
"enterprise risk management,,,,,,,,""A comprehensive approach to risk management that engages people, processes, and systems across an organization to improve the quality of decision making for managing risks that may hinder an organization’s ability to achieve its objectives."",""Involves identifying mission dependencies on enterprise capabilities, identifying and prioritizing risks due to defined threats, implementing countermeasures to provide both a static risk posture and an effective dynamic response to active threats";" and assessing enterprise performance against threats and adjusts countermeasures as necessary."",""risk management, integrated risk management, risk"",,""DHS Risk Lexicon, CNSSI 4009""";;
"EoL,,,,,,,""End of Life"",""that the app has reached the end of its useful life. It may mean that a new version is available that supersedes the existing product or that the product is no longer supported."",,,,";;;
"event,,,,,,,,""An observable occurrence in an information system or network."",""Sometimes provides an indication that an incident is occurring or at least raise the suspicion that an incident may be occurring."",incident,,""CNSSI 4009""";;;
"exfiltration,,,,,,,,""The unauthorized transfer of information from an information system."",,""data breach"",,""NIST SP 800-53 Rev 4""";;;
"exploit,,,,,,,,""A technique to breach the security of a network or information system in violation of security policy."",,,,""ISO/IEC 27039 (draft), DHS personnel""";;;
"exploitation analysis,,,,,,,,""In the NICE Framework, cybersecurity work where a person: Analyzes collected information to identify vulnerabilities and potential for exploitation."",,,,""NICE Framework""";;;
"exposure,,,,,,,,""The condition of being unprotected, thereby allowing access to information or access to capabilities that an attacker can use to enter a system or network."",,,,""NCSD glossary""";;;
"FaaS,,,,,,,""Function as a Service"",""a cloud-computing service that allows customers to execute code in response to events, without managing the complex infrastructure"",,,,";;;
"failure,,,,,,,,""The inability of a system or component to perform its required functions within specified performance requirements."",,,,""NCSD Glossary""";;;
"FAQ,,,,,,,""Frequently Asked Questions"",,,,,";;;
"FedRAMP-compliant,,,,,,,""Federal Risk and Authorization Management Program"",""a government-wide program that provides a standardized approach to security assessment, authorization, and continuous monitoring for cloud products and services"",,,,";;;
"FedVTE,,,,,,,""Federal Virtual Training Environment"",,,,,";;;
"FedVTE Live!,,,,,,,""Federal Virtual Training Environment Live!"",,,,,";;;
"FEMA,,,,,,,""Federal Emergency Management Agency"",,,,,";;;
"firewall,,,,,,,,""A capability to limit network traffic between networks and/or information systems."",""A hardware/software device or a software program that limits network traffic according to a set of rules of what access is and is not allowed or authorized."",,,""CNSSI 4009""";;;
"FISMA,,,,,,,""Federal Information Security Management Act"",,,,,";;;
"FISSEA,,,,,,,""Federal Information Systems Security Educators' Association"",,,,,";;;
"FLETC,,,,,,,""Federal Law Enforcement Training Center"",,,,,";;;
"FOIA,,,,,,,""Freedom of Information Act"",,,,,";;;
"Footprinting,,,,,,,,""an ethical hacking technique used to gather as much data as possible about a specific targeted computer system, an infrastructure and networks to identify opportunities to penetrate them"",,,,";;;
"forensics,,,,,,,,,,,""digital forensics"",";;;
"Fuzzer,,,,,,,,""an automated software testing method that injects invalid, malformed, or unexpected inputs into a system to reveal software defects and vulnerabilities"",,,,";;;
"GAO,,,,,,,""Government Accountability Office"",,,,,";;;
"Geofencing,,,,,,,,""to set up triggers so that when a device such as an internet-connected smartphone enters a defined geographical boundary, the user gets an alert"",,,,";;;
"GeoIP,,,,,,,,""a technique allowing to locate a web user based on their IP address"",,,,";;;
"georedundancy,,,,,,,,""the distribution of mission-critical components or infrastructures across multiple geographic locations"",""Geo-redundancy acts as a safety in case of primary site failures or in the event of a disaster or an outage that impacts a region."",,,";;;
"GFIRST,,,,,,,""Government Forum of Incident Response and Security Teams"",,,,,";;;
"hackathon,,,,,,,,""A gathering of individuals from various backgrounds and different stages in their careers (hobbyist to professionals) to solve problems of common interest."",,,,";;;
"hacker,,,,,,,,""An unauthorized user who attempts to or gains access to an information system."",,,,""CNSSI 4009""";;;
"hash value,,,,,,,,""A numeric value resulting from applying a mathematical algorithm against a set of data such as a file."",,hashing,""cryptographic hash value"",""CNSSI 4009""";;;
"hashing,,,,,,,,""A process of applying a mathematical algorithm against a set of data to produce a numeric value (a 'hash value') that represents the data."",""Mapping a bit string of arbitrary length to a fixed length bit string to produce the hash value."",""hash value"",,""CNSSI 4009, FIPS 201-2""";;;
"hazard,,,,,,,,""A natural or man-made source or cause of harm or difficulty."",,threat,,""DHS Risk Lexicon""";;;
"HC,,,,,,,""Human Capital"",,,,,";;;
"HCAAF,,,,,,,""Human Capital Assessment and Accountability Framework"",,,,,";;;
"HICSS,,,,,,,""Hawaii International Conference on System Sciences"",,,,,";;;
"Honeynetting,,,,,,,,""a network set up with intentional vulnerabilities hosted on a decoy server to attract hackers"",,,,";;;
"Honeyport,,,,,,,,""a computer security mechanism set to detect, deflect, or, in some manner, counteract attempts at unauthorized use of information"",,Honeypot,,";;;
"Honeypot,,,,,,,,""a computer security mechanism set to detect, deflect, or, in some manner, counteract attempts at unauthorized use of information"",,Honeyport,,";;;
"Honeytokens,,,,,,,,""is data that looks attractive to cyber criminals but is actually false or of no value"",""a fake IT resource created and positioned in a system or network to appear to a cyber criminals to be of value, but is actually used to allow tracking and detection of hacking attempts"",Honeypot,,";;;
HQ,,,,,,,Headquarters,,,,,;;;
"HR,,,,,,,""Human Resources"",,,,,";;;
"HTML,,,,,,,""HyperText Markup Language"",,,,,";;;
"I-Corps,,,,,,,""Innovation Corps"",,,,,";;;
"IA,,,,,,,""Information Assurance"",,,,,";;;
"IaC,,,,,,,""Information Assurance Component";;;
"Infrastructure as code"",""The process of managing and provisioning an organization’s IT infrastructure using machine-readable configuration files, rather than employing physical hardware configuration or interactive configuration tools."",,,,";;;
"IC,,,,,,,""Intelligence Community"",,,,,";;;
"ICC,,,,,,,""Interagency Coordinating Council"",,,,,";;;
"ICE,,,,,,,""U.S. Immigration and Customs Enforcement"",,,,,";;;
"ICEC,,,,,,,""Integrated Cybersecurity Education Communities"",,,,,";;;
"ICT,,,,,,,""Information and Communication Technology"",,,,,";;;
"ict supply chain threat,,,,,,,,""A man-made threat achieved through exploitation of the information and communications technology (ICT) system’s supply chain, including acquisition processes."",,""supply chain, threat"",,""DHS SCRM PMO""";;;
"IDaaS,,,,,,,""identity as a Service"",""a cloud-based identity and access management (IAM) offered by a third-party provider"",,,,";;;
"identity and access management,,,,,,,,""The methods and processes used to manage subjects and their authentication and authorizations to access specific objects."",,,,";;;
"IDP,,,,,,,""Individual Development Plan"",,,,,";;;
"IDPS,,,,,,,""Intrusion Detection and Prevention System"",""Software that automates the process of monitoring the events occurring in a computer system or network and analyzing them for signs of possible incidents and attempting to stop detected possible incidents"",,,,";;;
"IEEE,,,,,,,""Institute of Electrical and Electronics Engineers"",,,,,";;;
"IIoT,,,,,,,""Industrial Internet of Things"",""the collection of sensors, instruments and autonomous devices connected through the internet to industrial applications"",,,,";;;
impact,,,,,,,,,,,consequence,;;;
"impersonization,,,,,,,,""An attack type targeted phishing attack where a malicious actor pretends to be someone else or other entities to steal sensitive data"",,,,";;;
"incident,,,,,,,,""An occurrence that actually or potentially results in adverse consequences to (adverse effects on) (poses a threat to) an information system or the information that the system processes, stores, or transmits and that may require a response action to mitigate the consequences."",""An occurrence that constitutes a violation or imminent threat of violation of security policies, security procedures, or acceptable use policies."",event,,""CNSSI 4009, FIPS 200, NIST SP 800-53 Rev 4, ISSG""";;;
"incident management,,,,,,,,""The management and coordination of activities associated with an actual or potential occurrence of an event that may result in adverse consequences to information or information systems."",,,,""NCSD Glossary, ISSG NCPS Target Architecture Glossary""";;;
"incident response,,,,,,,,""The activities that address the short-term, direct effects of an incident and may also support short-term recovery."",""In the Workforce framework, cybersecurity work where a person: Responds to crisis or urgent situations within the pertinent domain to mitigate immediate and potential threats";" uses mitigation, preparedness, and response and recovery approaches, as needed, to maximize survival of life, preservation of property, and information security. Investigates and analyzes all relevant response activities."",recovery,response,""Workforce Framework""";;
"incident response plan,,,,,,,,""A set of predetermined and documented procedures to detect and respond to a cyber incident."",,,,""CNSSI 4009""";;;
"indicator,,,,,,,,""An occurrence or sign that an incident may have occurred or may be in progress."",,precursor,,""CNSSI 4009, NIST SP 800-61 Rev 2 (DRAFT), ISSG V1.2 Database""";;;
"industrial control system,,,,,,,,""An information system used to control industrial processes such as manufacturing, product handling, production, and distribution or to control infrastructure assets."",,""Supervisory Control and Data Acquisition, Operations Technology"",,""NIST SP 800-53 Rev 4, NIST SP 800-82""";;;
"InfiniBand,,,,,,,,""a high-speed, low-latency interconnect standard used in high-performance computing (HPC), supercomputers, and AI data centers"",,,,";;;
"information and communication(s) technology,,,,,,,,""Any information technology, equipment, or interconnected system or subsystem of equipment that processes, transmits, receives, or interchanges data or information."",,""information technology"",,""The Access Board's 2011 Advance Notice of Proposed Rulemaking for Section 508""";;;
"information assurance,,,,,,,,""The measures that protect and defend information and information systems by ensuring their availability, integrity, and confidentiality."",,""information security"",,""CNSSI 4009""";;;
"information assurance compliance,,,,,,,,""In the NICE Framework, cybersecurity work where a person: Oversees, evaluates, and supports the documentation, validation, and accreditation processes necessary to assure that new IT systems meet the organization's information assurance and security requirements";" ensures appropriate treatment of risk, compliance, and assurance from internal and external perspectives."",,,,""NICE Framework""";;
"information security policy,,,,,,,,""An aggregate of directives, regulations, rules, and practices that prescribe how an organization manages, protects, and distributes information."",,""security policy"",,""CNSSI 4009";" NIST SP 800-53 Rev 4""";;
"information sharing,,,,,,,,""An exchange of data, information, and/or knowledge to manage risks or respond to incidents."",,,,""NCSD glossary""";;;
"information system resilience,,,,,,,,""The ability of an information system to: (1) continue to operate under adverse conditions or stress, even if in a degraded or debilitated state, while maintaining essential operational capabilities";" and (2) recover effectively in a timely manner."",,resilience,,""NIST SP 800-53 Rev 4""";;
"information systems security operations,,,,,,,,""In the NICE Framework, cybersecurity work where a person: Oversees the information assurance program of an information system in or outside the network environment";" may include procurement duties (e.g., Information Systems Security Office"",,,,""NICE Framework""";;
"information technology,,,,,,,,""Any equipment or interconnected system or subsystem of equipment that processes, transmits, receives, or interchanges data or information."",,""information and communication(s) technology"",,""CNSSI 4009, NIST SP 800-53 rev. 4, based on 40 U.S.C. sec. 1401""";;;
"InfoSec,,,,,,,""Information Security"",""the processes and tools designed and deployed to protect sensitive business information from modification, disruption, destruction, and inspection"",,,,";;;
"inside( r) threat,,,,,,,,""A person or group of persons within an organization who pose a potential risk through violating security policies."",""One or more individuals with the access and/or inside knowledge of a company, organization, or enterprise that would allow them to exploit the vulnerabilities of that entity's security, systems, services, products, or facilities with the intent to cause harm."",""outside( r) threat"",,""CNSSI 4009";" From: NIAC Final Report and Recommendations on the Insider Threat to Critical Infrastructure, 2008""";;
"integrated risk management,,,,,,,,""The structured approach that enables an enterprise or organization to share risk information and risk analysis and to synchronize independent yet complementary risk management strategies to unify efforts across the enterprise."",,""risk management, enterprise risk management"",,""DHS Risk Lexicon""";;;
"integrity,,,,,,,,""The property whereby information, an information system, or a component of a system has not been modified or destroyed in an unauthorized manner."",""A state in which information has remained unaltered from the point it was produced by a source, during transmission, storage, and eventual receipt by the destination."",""availability, confidentiality, data integrity, system integrity"",,""CNSSI 4009, NIST SP 800-53 Rev 4, 44 U.S.C., Sec 3542, SANS";" From SAFE-BioPharma Certificate Policy 2.5""";;
"intent,,,,,,,,""A state of mind or desire to achieve an objective."",,capability,,""DHS Risk Lexicon""";;;
"interoperability,,,,,,,,""The ability of two or more systems or components to exchange information and to use the information that has been exchanged."",,,,""IEEE Standard Computer Dictionary, DHS personnel""";;;
"intrusion,,,,,,,,""An unauthorized act of bypassing the security mechanisms of a network or information system."",,,penetration,""CNSSI 4009""";;;
"intrusion detection,,,,,,,,""The process and methods for analyzing information from networks and information systems to determine if a security breach or security violation has occurred."",,,,""CNSSI 4009, ISO/IEC 27039 (draft)""";;;
"investigate,,,,,,,,""a NICE Framework category consisting of specialty areas responsible for the investigation of cyber events and/or crimes of IT systems, networks, and digital evidence"",,,,""NICE Framework""";;;
"investigation,,,,,,,,""A systematic and formal inquiry into a qualified threat or incident using digital forensics and perhaps other traditional criminal inquiry techniques to determine the events that transpired and to collect evidence."",""In the NICE Framework, cybersecurity work where a person: Applies tactics, techniques, and procedures for a full range of investigative tools and processes to include but not limited to interview and interrogation techniques, surveillance, counter surveillance, and surveillance detection, and appropriately balances the benefits of prosecution versus intelligence gathering."",,,""ISSG V1.2 Database"; Conrad, E., Misenauer, S., & Feldman, J. (2010). CISSP® Study Guide. Burlington, MA: Syngress;" From: NICE Workforce Framework""";
"IoA,,,,,,,""Indicators of Attack"",""a clue that a malicious entity has gained, or is attempting to gain, unauthorised access to the network or assets connected to the network"",,,,";;;
"IoAs,,,,,,,""Indicators of attack"",""refers to the series of behaviors that a cybercriminal exhibits prior to executing a cyberattack."",""Indicators of attack are not so much a static description of the attacker, but a dynamic profile of how an attacker interacts with your technologies and users."",,,";;;
"IoC,,,,,,,""Indicators of Compromise"",""clues and evidence of a data breach"",,,,";;;
"IPSec,,,,,,,""Internet Protocol Security"",""a set of communication rules or protocols for setting up secure connections over a network"",""Internet Protocol (IP) is the common standard that determines how data travels over the internet. IPSec adds encryption and authentication to make the protocol more secure."",,,";;;
"ISC²,,,,,,,""International Information Systems Security Certification Consortium"",,,,,";;;
"IT,,,,,,,""Information Technology"",,,,,";;;
it asset,,,,,,,,,,,asset,;;;
"itSM,,,,,,,""IT service management"",,,,,";;;
"ITWAC,,,,,,,""IT Workforce Assessment for Cybersecurity"",,,,,";;;
"keylogger,,,,,,,,""a tool that record what a person types on a device"",""While there are legitimate and legal uses for keyloggers, many uses for keyloggers are malicious"",,,";;;
"Keystores,,,,,,,,""Repositories that contain cryptographic artifacts like certificates and private keys that are used for cryptographic protocols such as TLS"",,,,";;;
"knowledge management,,,,,,,,""In the NICE Framework, cybersecurity work where a person: Manages and administers processes and tools that enable the organization to identify, document, and access intellectual capital and information content."",,,,""NICE Framework""";;;
"KSA,,,,,,,""Knowledge, Skills, and Abilities"",,,,,";;;
"LaaS,,,,,,,""Logging as a service"",""an IT architectural model for centrally ingesting and collecting any type of log files coming from any given source or location such as servers, applications, and devices"",,,,";;;
"LangSec,,,,,,,""Language Security"",""a design and programming philosophy that focuses on formally correct and verifiable input handling throughout all phases of the software development lifecycle"",,,,";;;
"legal advice and advocacy,,,,,,,,""In the NICE Framework, cybersecurity work where a person: Provides legally sound advice and recommendations to leadership and staff on a variety of relevant topics within the pertinent subject domain";" advocates legal and policy changes and makes a case on behalf of client via a wide range of written and oral work products, including legal briefs and proceedings."",,,,""NICE Framework""";;
"machine learning and evolution,,,,,,,,""A field concerned with designing and developing artificial intelligence algorithms for automated knowledge discovery and innovation by information systems."",,,,""DHS personnel""";;;
"macro virus,,,,,,,,""A type of malicious code that attaches itself to documents and uses the macro programming capabilities of the document’s application to execute, replicate, and spread or propagate itself."",,virus,,""CNSSI 4009""";;;
"malicious applet,,,,,,,,""A small application program that is automatically downloaded and executed and that performs an unauthorized function on an information system."",,""malicious code"",,""CNSSI 4009""";;;
"malicious code,,,,,,,,""Program code intended to perform an unauthorized function or process that will have adverse impact on the confidentiality, integrity, or availability of an information system."",""Includes software, firmware, and scripts."",""malicious logic"",,""CNSSI 4009. NIST SP 800-53 Rev 4""";;;
"malicious logic,,,,,,,,""Hardware, firmware, or software that is intentionally included or inserted in a system to perform an unauthorized function or process that will have adverse impact on the confidentiality, integrity, or availability of an information system."",,""malicious code"",,""CNSSI 4009""";;;
"Malvertising,,,,,,,,""a malicious attack that involves injecting harmful code into legitimate online advertising networks"",,,,";;;
"malware,,,,,,,,""Software that compromises the operation of a system by performing an unauthorized function or process."",,,""malicious code, malicious applet, malicious logic"",""CNSSI 4009, NIST SP 800-83""";;;
"MDC3,,,,,,,""MD Cyber Challenge and Conference"",,,,,";;;
"Metaverse,,,,,,,,""A shared, immersive, persistent, 3D virtual space where humans experience life in ways they could not in the physical world"",,""virtual reality"",,";;;
"mitigation,,,,,,,,""The application of one or more measures to reduce the likelihood of an unwanted occurrence and/or lessen its consequences."",""Implementing appropriate risk-reduction controls based on risk management priorities and analysis of alternatives."",,,""DHS Risk Lexicon, CNSSI 4009, NIST SP 800-53 Rev 4""";;;
"MitM,,,,,,,""Man in the Middle"",""a man-in-the-middle attack is a cyberattack where the attacker secretly relays and possibly alters the communications between two parties who believe that they are directly communicating"",,,,";;;
"moving target defense,,,,,,,,""The presentation of a dynamic attack surface, increasing an adversary's work factor necessary to probe, attack, or maintain presence in a cyber target."",,,,""DHS personnel""";;;
"MS-ISAC,,,,,,,""Multi-State Information Sharing and Analysis Center"",,,,,";;;
"NAS,,,,,,,""National Academy of Sciences"",,,,,";;;
"NCCoE,,,,,,,""National Cybersecurity Center of Excellence"",,""A NIST public-private partnership that enables the creation of practical cybersecurity solutions for specific industries or broad, cross-sector technology challenges"",,,";;;
"NCEC,,,,,,,""National Cybersecurity Education Council"",,,,,";;;
"NCS,,,,,,,""National Cryptologic School"",,,,,";;;
"NCSA,,,,,,,""National Cyber Security Alliance"",,,,,";;;
"NCSAM,,,,,,,""National Cyber Security Awareness Month"",,,,,";;;
"NCSD,,,,,,,""National Cyber Security Division"",,,,,";;;
"network resilience,,,,,,,,""The ability of a network to: (1) provide continuous operation (i.e., highly resistant to disruption and able to operate in a degraded mode if damaged)"; (2) recover effectively if failure does occur;" and (3) scale to meet rapid or unpredictable demands."",,,,""CNSSI 4009""";
"network services,,,,,,,,""In the NICE Framework, cybersecurity work where a person: Installs, configures, tests, operates, maintains, and manages networks and their firewalls, including hardware (e.g., hubs, bridges, switches, multiplexers, routers, cables, proxy servers, and protective distributor systems) and software that permit the sharing and transmission of all spectrum transmissions of information to support the security of information and information systems."",,,,""NICE Framework""";;;
"Neuroergonomics,,,,,,,,""The emerging field that studies how the brain relates to performance in everyday settings and at work, integrating neuroscience and ergonomics to design safer and more efficient systems and understand brain-performance relationships."",,,,";;;
"Neuromorphic,,,,,,,,""Neuromorphic computing is a method of computing that uses artificial neurons to mimic the human brain's structure and function. The word """"neuromorphic"""" means """"characteristic of the shape of the brain or neurons"""""",,,,";;;
"NewSQL,,,,,,,,""relational database system that bridges the gap between SQL and NoSQL. NewSQL databases aim to scale and stay consistent."",,,,";;;
"NICCS,,,,,,,""National Initiative for Cybersecurity Careers and Studies"",,,,,";;;
"NIST,,,,,,,""National Institute of Standards and Technology"",,,,,";;;
"No FEAR,,,,,,,""Notification and Federal Employee Antidiscrimination and Retaliation"",,,,,";;;
"non-repudiation,,,,,,,,""A property achieved through cryptographic methods to protect against an individual or entity falsely denying having performed a particular action related to data."",""Provides the capability to determine whether a given individual took a particular action such as creating information, sending a message, approving information, and receiving a message."",""integrity, authenticity"",,""CNSSI 4009";" From: NIST SP 800-53 Rev 4""";;
"noob,,,,,,,,""a person who is inexperienced in a particular sphere or activity, especially as related to computing"",,,,";;;
"NPPD,,,,,,,""National Protection and Programs Directorate"",,,,,";;;
"NRD,,,,,,,""National Resource Directory"",,,,,";;;
"NSA,,,,,,,""National Security Agency"",,,,,";;;
"NSF,,,,,,,""National Science Foundation"",,,,,";;;
"NVD,,,,,,,""National Vulnerability Database"",,,,,";;;
"OAuth,,,,,,,""Open Authorization standard"",""an open-standard authorization protocol or framework that provides applications the ability for secure designated access"",,,,";;;
"object,,,,,,,,""A passive information system-related entity containing or receiving information."",,""subject, access, access control"",,""CNSSI 4009, NIST SP 800-53 Rev 4""";;;
"ODNI,,,,,,,""Office of the Director of National Intelligence"",,,,,";;;
"OffSec,,,,,,,""Offensive Security"",""the proactive approach to securing networks and systems from attacks by actively seeking out vulnerabilities and weaknesses"",,,,";;;
"OpenIOC,,,,,,,""Open Indicators of Compromise"",""An extensible XML schema that enables you to describe the technical characteristics that identify a known threat, an attacker's methodology, or other evidence of compromise."",,,,";;;
"operate & maintain,,,,,,,,""A NICE Framework category consisting of specialty areas responsible for providing the support, administration, and maintenance necessary to ensure effective and efficient IT system performance and security."",,,,""NICE Framework""";;;
"operational exercise,,,,,,,,""An action-based exercise where personnel rehearse reactions to an incident scenario, drawing on their understanding of plans and procedures, roles, and responsibilities."",""Also referred to as operations-based exercise."",,,""DHS Homeland Security Exercise and Evaluation Program""";;;
"operations technology,,,,,,,,""The hardware and software systems used to operate industrial control devices."",,""Industrial Control System"",,""DHS personnel""";;;
"OPM,,,,,,,""Office of Personnel Management"",,,,,";;;
"outside( r) threat,,,,,,,,""A person or group of persons external to an organization who are not authorized to access its assets and pose a potential risk to the organization and its assets."",,""inside( r) threat"",,""CNSSI 4009""";;;
"Overfitting,,,,,,,,""an undesirable machine learning behavior that occurs when the machine learning model gives accurate predictions for training data but not for new data"",,,,";;;
"oversight & development,,,,,,,,""A NICE Framework category consisting of specialty areas providing leadership, management, direction, and/or development and advocacy so that all individuals and the organization may effectively conduct cybersecurity work."",,,,""NICE Framework""";;;
"PaaS,,,,,,,""Platform as a Service"",""a cloud computing model where a third-party provider delivers hardware and software tools to users over the internet"",,,,";;;
"passive attack,,,,,,,,""An actual assault perpetrated by an intentional threat source that attempts to learn or make use of information from a system, but does not attempt to alter the system, its resources, its data, or its operations."",,""active attack"",,""IETF RFC 4949, NIST SP 800-63 Rev 1""";;;
"password,,,,,,,,""A string of characters (letters, numbers, and other symbols) used to authenticate an identity or to verify access authorization."",,,,""FIPS 140-2""";;;
"passwordless,,,,,,,,""an authentication method in which a user can log in to a computer system without the entering a password or any other knowledge-based secret"",,,,";;;
"PCAST,,,,,,,""President’s Council of Advisors on Science and Technology"",,,,,";;;
"pen test,,,,,,,,""A colloquial term for penetration test or penetration testing."",,,,""penetration testing""";;;
penetration,,,,,,,,,,,intrusion,;;;
"penetration testing,,,,,,,,""An evaluation methodology whereby assessors search for vulnerabilities and attempt to circumvent the security features of a network and/or information system."",,,,""NCSD Glossary, CNSSI 4009, NIST SP 800-53 Rev 4""";;;
"Pentester,,,,,,,""Penetration tester"",""An information security expert who performs penetration tests"",,,,";;;
"personal identifying information / personally identifiable information,,,,,,,,""The information that permits the identity of an individual to be directly or indirectly inferred."",,,,""NCSD Glossary, CNSSI 4009, GAO Report 08-356, as cited in NIST SP 800-63 Rev 1""";;;
"PhaaS,,,,,,,,""A model where cybercriminals offer pre-packaged phishing tools and resources, like malicious email templates, landing pages, and hosting, to others, effectively lowering the barrier to entry for launching phishing campaigns."",,,,";;;
"phishing,,,,,,,,""A digital form of social engineering to deceive individuals into providing sensitive information."",,,,""NCSD Glossary, CNSSI 4009, NIST SP 800-63 Rev 1""";;;
"PII,,,,,,,""Personally Identifiable Information"",,,,,";;;
"PIV,,,,,,,""Personal Identity Verification"",""an identification card issued by a federal agency that contains a computer chip, which allows it to receive, store, recall, and send information in a secure method"",,,,";;;
"plaintext,,,,,,,,""Unencrypted information."",,ciphertext,,""CNSSI 4009""";;;
"precursor,,,,,,,,""An observable occurrence or sign that an attacker may be preparing to cause an incident."",,indicator,,""CNSSI 4009, NIST SP 800-61 Rev 2 (DRAFT)""";;;
"preparedness,,,,,,,,""The activities to build, sustain, and improve readiness capabilities to prevent, protect against, respond to, and recover from natural or manmade incidents."",,,,NIPP";;;
"privacy,,,,,,,,""The assurance that the confidentiality of, and access to, certain information about an entity is protected."",""The ability of individuals to understand and exercise control over how information about themselves may be used by others."",,,""NIST SP 800-130";" Adapted from: DHS personnel""";;
"private key,,,,,,,,""A cryptographic key that must be kept confidential and is used to enable the operation of an asymmetric (public key) cryptographic algorithm."",""The secret part of an asymmetric key pair that is uniquely associated with an entity."",""public key, asymmetric cryptography"",,""CNSSI 4009, NIST SP 800-63 Rev 1, FIPS 201-2, FIPS 140-2, Federal Bridge Certificate Authority Certification Policy 2.25""";;;
"protect & defend,,,,,,,,""A NICE Framework category consisting of specialty areas responsible for the identification, analysis, and mitigation of threats to internal IT systems or networks."",,,,""NICE Framework""";;;
"Proxyjacking,,,,,,,,""a malicious technique where an attacker gains control over a target's proxy server, allowing them to intercept and manipulate the targets internet traffic"",,,,";;;
"PTaaS,,,,,,,""Pentest as a Service"",""a hybrid solution that combines the breadth of automation with the depth of human assessment, while integrated with advanced vulnerability management and analytics"",,,,";;;
"public key,,,,,,,,""A cryptographic key that may be widely published and is used to enable the operation of an asymmetric (public key) cryptographic algorithm."",""The public part of an asymmetric key pair that is uniquely associated with an entity and that may be made public."",""private key, asymmetric cryptography"",,""CNSSI 4009, NIST SP 800-63 Rev 1, FIPS 201-2, FIPS 140-2, Federal Bridge Certificate Authority Certification Policy 2.25""";;;
"public key cryptography,,,,,,,,""A branch of cryptography in which a cryptographic system or algorithms use two uniquely linked keys: a public key and a private key (a key pair)."",,,""asymmetric cryptography, public key encryption"",""CNSSI 4009, FIPS 140-2, InCommon Glossary""";;;
"public key encryption,,,,,,,,,,,""public key cryptography"",";;;
"public key infrastructure,,,,,,,,""A framework consisting of standards and services to enable secure, encrypted communication and authentication over potentially insecure networks such as the Internet."",""A framework and services for generating, producing, distributing, controlling, accounting for, and revoking (destroying) public key certificates."",,,""CNSSI 4009, IETF RFC 2828, Federal Bridge Certificate Authority Cross-certification Methodology 3.0, InCommon Glossary, Kantara Identity Assurance Framework 1100, NIST SP 800-63 Rev 1""";;;
"QnA,,,,,,,""questions and answers"",,,,,";;;
"RaaS,,,,,,,""Ransomware as a Service"",""a cybercrime business model in which ransomware developers sell ransomware code or malware to other hackers, called “affiliates,” who then use the code to initiate their own ransomware attacks."",,,,";;;
"ransomware,,,,,,,,""a malware designed to deny a user or organization access to files on their computer"",,,,";;;
"recovery,,,,,,,,""The activities after an incident or event to restore essential services and operations in the short and medium term and fully restore all capabilities in the longer term."",,,,NIPP";;;
"red team,,,,,,,,""A group authorized and organized to emulate a potential adversary’s attack or exploitation capabilities against an enterprise’s cybersecurity posture."",,""Blue Team, White Team"",,""CNSSI 4009""";;;
"red team exercise,,,,,,,,""An exercise, reflecting real-world conditions, that is conducted as a simulated attempt by an adversary to attack or exploit vulnerabilities in an enterprise's information systems."",,""cyber exercise"",,""NIST SP 800-53 Rev 4""";;;
"redundancy,,,,,,,,""Additional or alternative systems, sub-systems, assets, or processes that maintain a degree of overall functionality in case of loss or failure of another system, sub-system, asset, or process."",,,,""DHS Risk Lexicon""";;;
"Remoting,,,,,,,,""A technology that allows a program to interact with the internals of another program running on a different machine"",,,,";;;
"Repojacking,,,,,,,,""intentionally taking over the account of an owner or maintainer who hosts a repository"",,,,";;;
"resilience,,,,,,,,""The ability to adapt to changing conditions and prepare for, withstand, and rapidly recover from disruption."",,,,""DHS Risk Lexicon""";;;
"response,,,,,,,,""The activities that address the short-term, direct effects of an incident and may also support short-term recovery."",""In cybersecurity, response encompasses both automated and manual activities."",recovery,,""National Infrastructure Protection Plan, NCPS Target Architecture Glossary""";;;
"response plan,,,,,,,,,,,""incident response plan"",";;;
"risk,,,,,,,,""The potential for an unwanted or adverse outcome resulting from an incident, event, or occurrence, as determined by the likelihood that a particular threat will exploit a particular vulnerability, with the associated consequences."",,,,""DHS Risk Lexicon, NIPP and adapted from: CNSSI 4009, FIPS 200, NIST SP 800-53 Rev 4, SAFE-BioPharma Certificate Policy 2.5""";;;
"risk analysis,,,,,,,,""The systematic examination of the components and characteristics of risk."",,""risk assessment, risk"",,""DHS Risk Lexicon""";;;
"risk assessment,,,,,,,,""The product or process which collects information and assigns values to risks for the purpose of informing priorities, developing or comparing courses of action, and informing decision making."",""The appraisal of the risks facing an entity, asset, system, or network, organizational operations, individuals, geographic area, other organizations, or society, and includes determining the extent to which adverse circumstances or events could result in harmful consequences."",""risk analysis, risk"",,""DHS Risk Lexicon, CNSSI 4009, NIST SP 800-53 Rev 4""";;;
"risk management,,,,,,,,""The process of identifying, analyzing, assessing, and communicating risk and accepting, avoiding, transferring or controlling it to an acceptable level considering associated costs and benefits of any actions taken."",""Includes: 1) conducting a risk assessment"; 2) implementing strategies to mitigate risks; 3) continuous monitoring of risk over time;" and 4) documenting the overall risk management program."",""enterprise risk management, integrated risk management, risk"",,""DHS Risk Lexicon and Adapted from: CNSSI 4009, NIST SP 800-53 Rev 4"""
risk mitigation,,,,,,,,,,,mitigation,;;;
"risk-based data management,,,,,,,,""A structured approach to managing risks to data and information by which an organization selects and applies appropriate security controls in compliance with policy and commensurate with the sensitivity and value of the data."",,,,""DHS personnel""";;;
"rootkit,,,,,,,,""A set of software tools with administrator-level access privileges installed on an information system and designed to hide the presence of the tools, maintain the access privileges, and conceal the activities conducted by the tools."",,,,""CNSSI 4009""";;;
"RTOS,,,,,,,,""A real-time operating system (RTOS) is an OS that guarantees real-time applications a certain capability within a specified deadline."",""In an RTOS, repeated tasks are performed within a tight time boundary, while in a general-purpose operating system, this is not necessarily so"",,,";;;
"SA,,,,,,,""Specialty Area"",,,,,";;;
"SA&A,,,,,,,""Security Assessment and Authorization"",,,,,";;;
"SAC,,,,,,,""Senate Appropriations Committee"",,,,,";;;
"SANS,,,,,,,""System Administration, Networking, and Security Institute"",,,,,";;;
"scareware,,,,,,,,""a cyberattack tactic that scares people into visiting spoofed or infected websites or downloading malicious software (malware)"",,Malware,,";;;
"Scareware,,,,,,,,""a cyberattack tactic that frightens people into visiting spoofed or infected websites or downloading malicious software (malware)"",,,,";;;
"SECaaS,,,,,,,""Security as a Service"",""a cloud-based method of outsourcing your cybersecurity"",,,,";;;
"SecDevOps,,,,,,,,""a software development methodology that places security concerns first in planning and development"",,,,";;;
"SecOps,,,,,,,,""a combination of the terms security and operations, is a methodology that IT managers implement to enhance the connection, collaboration and communication between IT security and IT operations teams"",,,,";;;
"secret key,,,,,,,,""A cryptographic key that is used for both encryption and decryption, enabling the operation of a symmetric key cryptography scheme."",""Also, a cryptographic algorithm that uses a single key (i.e., a secret key) for both encryption of plaintext and decryption of ciphertext."",""symmetric key"",,""CNSSI 4009""";;;
"securely provision,,,,,,,,""A NICE Framework category consisting of specialty areas concerned with conceptualizing, designing, and building secure IT systems, with responsibility for some aspect of the systems' development."",,,,""NICE Framework""";;;
"security automation,,,,,,,,""The use of information technology in place of manual processes for cyber incident response and management."",,,,""DHS personnel""";;;
security incident,,,,,,,,,,,incident,;;;
"security policy,,,,,,,,""A rule or set of rules that govern the acceptable use of an organization's information and services to a level of acceptable risk and the means for protecting the organization's information assets."",""A rule or set of rules applied to an information system to provide security services."",,,""CNSSI 4009, NIST SP 800-53 Rev 4, NIST SP 800-130, OASIS SAML Glossary 2.0""";;;
"security program management,,,,,,,,""In the NICE Framework, cybersecurity work where a person: Manages information security (e.g., information security) implications within the organization, specific program, or other area of responsibility, to include strategic, personnel, infrastructure, policy enforcement, emergency planning, security awareness, and other resources (e.g., the role of a Chief Information Security Officer)."",,,,""NICE Framework""";;;
"SFS,,,,,,,""Scholarship for Service"",,,,,";;;
"SIEM,,,,,,,""Security information and event management"",""a security solution that helps organizations detect threats before they disrupt business"",,,,";;;
"signature,,,,,,,,""A recognizable, distinguishing pattern."",""Types of signatures: attack signature, digital signature, electronic signature."",,,""CNSSI 4009";" Adapted from: NIST SP 800-94""";;
"SIGSE,,,,,,,""Special Interest Group on Software Engineering"",,,,,";;;
"situational awareness,,,,,,,,""Comprehending information about the current and developing security posture and risks, based on information gathered, observation and analysis, and knowledge or experience."",""In cybersecurity, comprehending the current status and security posture with respect to availability, confidentiality, and integrity of networks, systems, users, and data, as well as projecting future states of these."",,,""CNSSI 4009, DHS personnel, National Response Framework""";;;
"SlowLoris,,,,,,,,""an attack tool designed to take down a server by flooding it with incomplete HTTP requests, without using much of bandwidth"",,,,";;;
"SME,,,,,,,""Subject Matter Expert"",,,,,";;;
"smishing,,,,,,,,""the fraudulent practice of sending text messages purporting to be from reputable companies in order to induce individuals to reveal personal information"",""Similar to Phishing, and Vishing"",Phishing,,";;;
"SO/DEV,,,,,,,""Supervisory Office / NICCS Development Team"",,,,,";;;
"SoC,,,,,,,""Security Operations Center"",""an intelligence hub for the company, gathering data from across the organization's networks, servers, endpoints and other digital assets and using intelligent automation to identify, prioritize and respond to potential cybersecurity threats"",,,,";;;
"Social Engineering,,,,,,,,""the use of deception to manipulate individuals into divulging confidential or personal information that may be used for fraudulent purposes"",,,,";;;
"SoD,,,,,,,""Segregation of Duties"",,""an internal control designed to prevent error and fraud by ensuring that at least two individuals are responsible for the separate parts of any task."",,,";;;
"software assurance,,,,,,,,""The level of confidence that software is free from vulnerabilities, either intentionally designed into the software or accidentally inserted at any time during its lifecycle, and that the software functions in the intended manner."",,,,""CNSSI 4009""";;;
"software assurance and security engineering,,,,,,,,""In the NICE Framework, cybersecurity work where a person: Develops and writes/codes new (or modifies existing) computer applications, software, or specialized utility programs following software assurance best practices."",,,,""NICE Framework""";;;
"spam,,,,,,,,""The abuse of electronic messaging systems to indiscriminately send unsolicited bulk messages."",,,,""CNSSI 4009""";;;
"Spearphish,,,,,,,,""a malicious attack, spear phishing is a targeted form of phishing that uses personalized emails or messages to trick a specific individual or organization into revealing sensitive information or downloading malware"",,""phishing, phish, catphish, smishing"",,";;;
"Spidering,,,,,,,,""the process where hackers familiarize themselves with their targets in order to obtain credentials based on their activity"",,""phishing, smishing, vishing, social engineering"",,";;;
"spillage,,,,,,,,,,,""data spill, data breach"",";;;
"spoofing,,,,,,,,""Faking the sending address of a transmission to gain illegal [unauthorized] entry into a secure system."",""The deliberate inducement of a user or resource to take incorrect action. Note: Impersonating, masquerading, piggybacking, and mimicking are forms of spoofing."",,,""CNSSI 4009""";;;
"spyware,,,,,,,,""Software that is secretly or surreptitiously installed into an information system without the knowledge of the system user or owner."",,keylogger,,""CNSSI 4009, NIST SP 800-53 Rev 4""";;;
"SRD,,,,,,,""System Reference Document"",,,,,";;;
"STaaS,,,,,,,""Storage as a Service"",""a practice of using public cloud storage resources to store your data"",,,,";;;
"STEM,,,,,,,""Science, technology, engineering, and mathematics"",,,,,";;;
"strategic planning and policy development,,,,,,,,""In the NICE Framework, cybersecurity work where a person: Applies knowledge of priorities to define an entity."",,,,""NICE Framework""";;;
"subject,,,,,,,,""An individual, process, or device causing information to flow among objects or a change to the system state."",""An active entity."",""object, access, access control"",,""NIST SP 800-53 Rev 4., CNSSI 4009""";;;
"supervisory control and data acquisition,,,,,,,,""A generic name for a computerized system that is capable of gathering and processing data and applying operational controls to geographically dispersed assets over long distances."",,""Industrial Control System"",,""NCSD Glossary, CNSSI 4009""";;;
"supply chain,,,,,,,,""A system of organizations, people, activities, information and resources, for creating and moving products including product components and/or services from suppliers through to their customers."",,""supply chain risk management"",,""CNSSI 4009, NIST SP 800-53 Rev 4""";;;
"supply chain risk management,,,,,,,,""The process of identifying, analyzing, and assessing supply chain risk and accepting, avoiding, transferring or controlling it to an acceptable level considering associated costs and benefits of any actions taken."",,""supply chain"",,""DHS Risk Lexicon, CNSSD 505""";;;
"Surveilling,,,,,,,,""the practice of monitoring computer networks and systems for threats, while surveillance is the act of observing them. In the context of cybersecurity, """"surveillance"""" refers to the continuous monitoring of a network to detect and respond to cyberattacks"",,,,";;;
"switchport,,,,,,,,""the physical opening where a data cable can be plugged in"",,,,";;;
"Symlink,,,,,,,,""a symbolic is a Linux/UNIX link that points to another file or folder on your computer, or a connected file system. Windows has a similar functionality called Shortcut"",,,,";;;
"symmetric cryptography,,,,,,,,""A branch of cryptography in which a cryptographic system or algorithms use the same secret key (a shared secret key)."",,,,""CNSSI 4009, SANS""";;;
"symmetric encryption algorithm,,,,,,,,,,,""symmetric cryptography"",";;;
"symmetric key,,,,,,,,""A cryptographic key that is used to perform both the cryptographic operation and its inverse, for example to encrypt plaintext and decrypt ciphertext, or create a message authentication code and to verify the code."",""Also, a cryptographic algorithm that uses a single key (i.e., a secret key) for both encryption of plaintext and decryption of ciphertext."",""secret key"",,""CNSSI 4009""";;;
"SysOp,,,,,,,""System Operator"",""Responsible for the upkeep and maintenance of servers, networks, and other IT infrastructure."",,DevOp,,";;;
"system administration,,,,,,,,""In the NICE Framework, cybersecurity work where a person: Installs, configures, troubleshoots, and maintains server configurations (hardware and software) to ensure their confidentiality, integrity, and availability"; also manages accounts, firewalls, and patches;" responsible for access control, passwords, and account creation and administration."",,,,""NICE Framework""";
"system integrity,,,,,,,,""The attribute of an information system when it performs its intended function in an unimpaired manner, free from deliberate or inadvertent unauthorized manipulation of the system."",,""integrity, data integrity"",,""CNSSI 4009""";;;
"systems development,,,,,,,,""In the NICE Framework, cybersecurity work where a person: Works on the development phases of the systems development lifecycle."",,,,""NICE Framework""";;;
"systems requirements planning,,,,,,,,""In the NICE Framework, cybersecurity work where a person: Consults with customers to gather and evaluate functional requirements and translates these requirements into technical solutions";" provides guidance to customers about applicability of information systems to meet business needs."",,,,""NICE Framework""";;
"systems security analysis,,,,,,,,""In the NICE Framework, cybersecurity work where a person: Conducts the integration/testing, operations, and maintenance of systems security."",,,,""NICE Framework""";;;
"systems security architecture,,,,,,,,""In the NICE Framework, cybersecurity work where a person: Develops system concepts and works on the capabilities phases of the systems development lifecycle";" translates technology and environmental conditions (e.g., law and regulation) into system and security designs and processes."",,,,""NICE Framework""";;
"tabletop exercise,,,,,,,,""A discussion-based exercise where personnel meet in a classroom setting or breakout groups and are presented with a scenario to validate the content of plans, procedures, policies, cooperative agreements or other information for managing an incident."",,,,""NCSD Glossary, DHS Homeland Security Exercise and Evaluation Program""";;;
"tailored trustworthy space,,,,,,,,""A cyberspace environment that provides a user with confidence in its security, using automated mechanisms to ascertain security conditions and adjust the level of security based on the user's context and in the face of an evolving range of threats."",,,,""National Science and Technology Council's Trustworthy Cyberspace: Strategic Plan for the Federal Cybersecurity Research and Development Program""";;;
"targets,,,,,,,,""In the NICE Framework, cybersecurity work where a person: Applies current knowledge of one or more regions, countries, non-state entities, and/or technologies."",,,,""NICE Framework""";;;
"technology research and development,,,,,,,,""In the NICE Framework, cybersecurity work where a person: Conducts technology assessment and integration processes";" provides and supports a prototype capability and/or evaluates its utility."",,,,""NICE Framework""";;
"test and evaluation,,,,,,,,""In the NICE Framework, cybersecurity work where a person: Develops and conducts tests of systems to evaluate compliance with specifications and requirements by applying principles and methods for cost-effective planning, evaluating, verifying, and validating of technical, functional, and performance characteristics (including interoperability) of systems or elements of systems incorporating information technology."",,,,""NICE Framework""";;;
"threat,,,,,,,,""A circumstance or event that has or indicates the potential to exploit vulnerabilities and to adversely impact (create adverse consequences for) organizational operations, organizational assets (including information and information systems), individuals, other organizations, or society."",""Includes an individual or group of individuals, entity such as an organization or a nation), action, or occurrence."",,,""DHS Risk Lexicon, NIPP, CNSSI 4009, NIST SP 800-53 Rev 4""";;;
"threat actor,,,,,,,,,,,""threat agent"",";;;
"threat agent,,,,,,,,""An individual, group, organization, or government that conducts or has the intent to conduct detrimental activities."",,""adversary, attacker"",,""DHS Risk Lexicon""";;;
"threat analysis,,,,,,,,""The detailed evaluation of the characteristics of individual threats."",""In the NICE Framework, cybersecurity work where a person: Identifies and assesses the capabilities and activities of cyber criminals or foreign intelligence entities";" produces findings to help initialize or support law enforcement and counterintelligence investigations or activities."",,,""DHS personnel";" From NICE Framework""";
"threat assessment,,,,,,,,""The product or process of identifying or evaluating entities, actions, or occurrences, whether natural or man-made, that have or indicate the potential to harm life, information, operations, and/or property."",,""threat analysis"",,""DHS Risk Lexicon and adapted from: CNSSI 4009, NIST SP 800-53, Rev 4""";;;
"threatscape,,,,,,,,""the spectrum of possible cybersecurity threats"",,,,";;;
"Threatware,,,,,,,,""a general term encompassing all types of malicious software on computers and electronic devices"",,disruptionware,,";;;
"ticket,,,,,,,,""In access control, data that authenticates the identity of a client or a service and, together with a temporary encryption key (a session key), forms a credential."",,,,""IETF RFC 4120 Kerberos V5, July 2005";" Conrad, E., Misenauer, S., & Feldman, J. (2010). CISSP® Study Guide. Burlington, MA: Syngress""";;
"Timestomping,,,,,,,,""a technique used in cybersecurity and digital forensics, where attackers modify the timestamps of files and directories on a computer system to hide their actions or impede investigations"",,,,";;;
"TMI,,,,,,,""Talent Management Institute"",,,,,";;;
"traffic light protocol,,,,,,,,""A set of designations employing four colors (RED, AMBER, GREEN, and WHITE) used to ensure that sensitive information is shared with the correct audience."",,,,US-CERT";;;
"TRB,,,,,,,""Technical Review Board"",,,,,";;;
"Trojan,,,,,,,,""a type of malware that conceals its true content to fool a user into thinking it's a harmless file"",,""Trojan Horse, Trojanize, Trojaning"",,";;;
"trojan horse,,,,,,,,""A computer program that appears to have a useful function, but also has a hidden and potentially malicious function that evades security mechanisms, sometimes by exploiting legitimate authorizations of a system entity that invokes the program."",,,,""CNSSI 4009""";;;
"Trojaning,,,,,,,,,,""Trojan, Trojan Horse"",,";;;
"Trojanize,,,,,,,,""To convert into a Trojan"",,""Trojan, Trojan Horse"",,";;;
"Trojanize,,,,,,,,""To convert into a Trojan"",,,,""Trojan horse, Trojan""";;;
"TSA,,,,,,,""Transportation and Security Administration"",,,,,";;;
"Typosquatting,,,,,,,,""a form of cybersquatting (sitting on sites under someone else's brand or copyright) that targets Internet users who incorrectly type a website address into their web browser"",,""DNS Twist"",,";;;
"unauthorized access,,,,,,,,""Any access that violates the stated security policy."",,,,""CNSSI 4009""";;;
"UpSkill,,,,,,,,""to provide someone, such as an employee, with more advanced skills through additional education and training"",,,,";;;
"URL,,,,,,,""Uniform Resource Locator"",,,,,";;;
"US CERT,,,,,,,""United States Computer Emergency Readiness Team"",,,,,";;;
"USCG,,,,,,,""U.S. Coast Guard"",,,,,";;;
"USDA,,,,,,,""Department of Agriculture"",,,,,";;;
"USSS,,,,,,,""U.S. Secret Service"",,,,,";;;
"Virtualization,,,,,,,,""creating virtual representations of servers, storage, networks, and other physical machines"",,,,";;;
"virus,,,,,,,,""A computer program that can replicate itself, infect a computer without permission or knowledge of the user, and then spread or propagate to another computer."",,""macro virus"",,""CNSSI 4009""";;;
"vishing,,,,,,,,""a hacking technique of defrauding target's over the phone, enticing them to divulge sensitive information"",,Phishing,,";;;
"VTI,,,,,,,""Virtual Tunnel Interface"",,,,,";;;
"VTM,,,,,,,""Vulnerability and Threat Management."",,,,,";;;
"vulnerability,,,,,,,,""A characteristic or specific weakness that renders an organization or asset (such as information or an information system) open to exploitation by a given threat or susceptible to a given hazard."",""Characteristic of location or security posture or of design, security procedures, internal controls, or the implementation of any of these that permit a threat or hazard to occur. Vulnerability (expressing degree of vulnerability): qualitative or quantitative expression of the level of susceptibility to harm when a threat or hazard is realized."",weakness,,""DHS Risk Lexicon, CNSSI 4009, NIST SP 800-53 Rev 4""";;;
"vulnerability assessment and management,,,,,,,,""In the NICE Framework, cybersecurity work where a person: Conducts assessments of threats and vulnerabilities, determines deviations from acceptable configurations, enterprise or local policy, assesses the level of risk, and develops and/or recommends appropriate mitigation countermeasures in operational and non-operational situations."",,,,""NICE Framework""";;;
"wardriving,,,,,,,,""attackers searching for wireless networks with vulnerabilities while moving around an area in a moving vehicle"",,,,";;;
"Wargaming,,,,,,,,""an interactive technique that immerses potential cyber incident responders in a simulated cyber scenario"",,,,";;;
"weakness,,,,,,,,""A shortcoming or imperfection in software code, design, architecture, or deployment that, under proper conditions, could become a vulnerability or contribute to the introduction of vulnerabilities."",,vulnerability,,""ITU-T X.1520 CWE, FY 2013 CIO FISMA Reporting Metrics""";;;
"Weaponeering,,,,,,,,""a term borrowed from military doctrine that refers to the process of analyzing target vulnerabilities and matching them with specific cyber capabilities (weapons) to achieve a desired effect or objective"",""Application to Cyber: In the cyber domain, the principles are analogous:";;;
<ul>;;;
<li>Target Analysis: Identifying and characterizing critical systems, networks, or data (targets) and their vulnerabilities.</li>;;;
"<li>Capability Matching: Selecting or developing the most appropriate cyber """"weapon"""" (e.g., malware, exploit, or a specific technique) to exploit those vulnerabilities.</li>";;;
"<li>Effect Estimation: Predicting the intended outcome (e.g., disruption, denial, degradation, destruction, or manipulation of data/systems) and assessing potential unintended consequences or """"collateral damage"""".</li>";;;
<li>Planning: Integrating the selected cyber capabilities into a broader operational plan to achieve strategic or tactical objectives.</li>;;;
"</ul>"",,,";;;
"Weaponization,,,,,,,,""an attacker creates malware or malicious payloads to use against the target by designing new forms of malware. Modifying existing programs to better match the vulnerabilities they're trying to exploit"",,,,";;;
"Weaponize,,,,,,,,""to develop an exploit against a vulnerability into an attack tool that can be deployed against a target"",,,,";;;
"white team,,,,,,,,""A group responsible for refereeing an engagement between a Red Team of mock attackers and a Blue Team of actual defenders of information systems."",,""Blue Team, Red Team"",,""CNSSI 4009""";;;
"whitebox,,,,,,,,""a form of testing that is performed with knowledge of a target system's internals"",,Blackbox,,";;;
"WiCyS,,,,,,,""Women in CyberSecurity"",,,,,";;;
"Win-DDoS,,,,,,,,""a novel cybersecurity attack technique that weaponizes legitimate, public-facing Windows Domain Controllers (DCs) to form a powerful, stealthy distributed denial-of-service (DDoS) botnet"",""Discovered by SafeBreach researchers in August 2025, it exploits fundamental vulnerabilities in Windows' Remote Procedure Call (RPC) and Lightweight Directory Access Protocol (LDAP) to launch high-impact attacks without requiring credentials, malware installation, or code execution on the target systems"",DDoS,,";;;
"work factor,,,,,,,,""An estimate of the effort or time needed by a potential adversary, with specified expertise and resources, to overcome a protective measure."",,,,""CNSSI 4009""";;;
"worm,,,,,,,,""A self-replicating, self-propagating, self-contained program that uses networking mechanisms to spread itself."",,,,""CNSSI 4009""";;;
"XaaS,,,,,,,""Anything as a service"",""a general category of services related to cloud computing and remote access"",,,,";;;
